EmployeeID,Name,Department,Position,Salary,DateOfJoining,Experience,Email,PhoneNumber
1001,Alice,HR,Manager,60000.0,2010-01-31,5,alice@example.com,1234567890
1002,Bob,Finance,Analyst,55000.0,2010-02-28,3,bob@example.com,2345678901
1003,Charlie,IT,Developer,70000.0,2010-03-31,8,charlie@example.com,3456789012
1004,David,Marketing,Executive,50000.0,2010-04-30,2,david@example.com,4567890123
1005,Eva,Sales,Representative,45000.0,2010-05-31,1,eva@example.com,5678901234
1006,Frank,HR,Assistant,,2010-06-30,4,frank@example.com,6789012345
1007,Grace,Finance,Consultant,58000.0,2010-07-31,7,grace@example.com,7890123456
1008,Hannah,IT,Lead,75000.0,2010-08-31,9,hannah@example.com,8901234567
1009,Ivan,Marketing,Coordinator,49000.0,2010-09-30,2,ivan@example.com,9012345678
1010,Judy,Sales,Specialist,47000.0,2010-10-31,1,judy@example.com,0123456789
1011,Alice,HR,Manager,60000.0,2010-11-30,5,alice@example.com,1234567890
1012,Bob,Finance,Analyst,55000.0,2010-12-31,3,bob@example.com,2345678901
1013,Charlie,IT,Developer,70000.0,2011-01-31,8,charlie@example.com,3456789012
1014,David,Marketing,Executive,50000.0,2011-02-28,2,david@example.com,4567890123
1015,Eva,Sales,Representative,45000.0,2011-03-31,1,eva@example.com,5678901234
1016,Frank,HR,Assistant,52000.0,2011-04-30,4,charlie@com,6789012345
1017,Grace,Finance,Consultant,58000.0,2011-05-31,7,grace@example.com,7890123456
1018,Hannah,IT,Lead,75000.0,2011-06-30,9,hannah@example.com,8901234567
1019,Ivan,Marketing,Coordinator,49000.0,2011-07-31,2,ivan@example.com,9012345678
1020,Judy,Sales,Specialist,47000.0,2011-08-31,1,judy@example.com,0123456789
1021,Alice,HR,Manager,60000.0,2011-09-30,5,alice@example.com,1234567890
1022,Bob,Finance,Analyst,55000.0,2011-10-31,3,bob@example.com,2345678901
1023,Charlie,IT,Developer,70000.0,2011-11-30,8,charlie@example.com,3456789012
1024,David,Marketing,Executive,50000.0,2011-12-31,2,david@example.com,4567890123
1025,Eva,Sales,Representative,45000.0,2012-01-31,1,eva@example.com,5678901234
1026,Frank,HR,Assistant,52000.0,2012-02-29,4,frank@example.com,12345
1027,Grace,Finance,Consultant,58000.0,2012-03-31,7,grace@example.com,7890123456
1028,Hannah,IT,Lead,75000.0,2012-04-30,9,hannah@example.com,8901234567
1029,Ivan,Marketing,Coordinator,49000.0,2012-05-31,2,ivan@example.com,9012345678
1030,Judy,Sales,Specialist,47000.0,2012-06-30,1,judy@example.com,0123456789
1031,Alice,HR,Manager,60000.0,2012-07-31,5,alice@example.com,1234567890
1032,Bob,Finance,Analyst,55000.0,2012-08-31,3,bob@example.com,2345678901
1033,Charlie,IT,Developer,70000.0,2012-09-30,8,charlie@example.com,3456789012
1034,David,Marketing,Executive,50000.0,2012-10-31,2,david@example.com,4567890123
1035,Eva,Sales,Representative,45000.0,2012-11-30,1,eva@example.com,5678901234
1036,Frank,,Assistant,52000.0,2012-12-31,4,frank@example.com,6789012345
1037,Grace,Finance,Consultant,58000.0,2013-01-31,7,grace@example.com,7890123456
1038,Hannah,IT,Lead,75000.0,2013-02-28,9,hannah@example.com,8901234567
1039,Ivan,Marketing,Coordinator,49000.0,2013-03-31,2,ivan@example.com,9012345678
1040,Judy,Sales,Specialist,47000.0,2013-04-30,1,judy@example.com,0123456789
1041,Alice,HR,Manager,60000.0,2013-05-31,5,alice@example.com,1234567890
1042,Bob,Finance,Analyst,55000.0,2013-06-30,3,bob@example.com,2345678901
1043,Charlie,IT,Developer,70000.0,2013-07-31,8,charlie@example.com,3456789012
1044,David,Marketing,Executive,50000.0,2013-08-31,2,david@example.com,4567890123
1045,Eva,Sales,Representative,45000.0,2013-09-30,1,eva@example.com,5678901234
1046,Frank,HR,Assistant,52000.0,2013-10-31,-1,frank@example.com,6789012345
1047,Grace,Finance,Consultant,58000.0,2013-11-30,7,grace@example.com,7890123456
1048,Hannah,IT,Lead,75000.0,2013-12-31,9,hannah@example.com,8901234567
1049,Ivan,Marketing,Coordinator,49000.0,2014-01-31,2,ivan@example.com,9012345678
1050,Judy,Sales,Specialist,47000.0,2014-02-28,1,judy@example.com,0123456789
1051,Alice,HR,Manager,60000.0,2014-03-31,5,alice@example.com,1234567890
1052,Bob,Finance,Analyst,55000.0,2014-04-30,3,bob@example.com,2345678901
1053,Charlie,IT,Developer,70000.0,2014-05-31,8,charlie@example.com,3456789012
1054,David,Marketing,Executive,50000.0,2014-06-30,2,david@example.com,4567890123
1055,Eva,Sales,Representative,45000.0,2014-07-31,1,eva@example.com,5678901234
1056,Frank,HR,Assistant,52000.0,2014-08-31,4,frank@example.com,6789012345
1057,Grace,Finance,Consultant,58000.0,2014-09-30,7,grace@example.com,7890123456
1058,Hannah,IT,Lead,75000.0,2014-10-31,9,hannah@example.com,8901234567
1059,Ivan,Marketing,Coordinator,49000.0,2014-11-30,2,ivan@example.com,9012345678
1060,Judy,Sales,Specialist,47000.0,2014-12-31,1,judy@example.com,0123456789
1061,Alice,HR,Manager,60000.0,2015-01-31,5,alice@example.com,1234567890
1062,Bob,Finance,Analyst,55000.0,2015-02-28,3,bob@example.com,2345678901
1063,Charlie,IT,Developer,70000.0,2015-03-31,8,charlie@example.com,3456789012
1064,David,Marketing,Executive,50000.0,2015-04-30,2,david@example.com,4567890123
1065,Eva,Sales,Representative,45000.0,2015-05-31,1,eva@example.com,5678901234
1066,Frank,HR,Assistant,52000.0,2015-06-30,4,frank@example.com,6789012345
1067,Grace,Finance,Consultant,58000.0,2015-07-31,7,grace@example.com,7890123456
1068,Hannah,IT,Lead,75000.0,2015-08-31,9,hannah@example.com,8901234567
1069,Ivan,Marketing,Coordinator,49000.0,2015-09-30,2,ivan@example.com,9012345678
1070,Judy,Sales,Specialist,47000.0,2015-10-31,1,judy@example.com,0123456789
1071,Alice,HR,Manager,60000.0,2015-11-30,5,alice@example.com,1234567890
1072,Bob,Finance,Analyst,55000.0,2015-12-31,3,bob@example.com,2345678901
1073,Charlie,IT,Developer,70000.0,2016-01-31,8,charlie@example.com,3456789012
1074,David,Marketing,Executive,50000.0,2016-02-29,2,david@example.com,4567890123
1075,Eva,Sales,Representative,45000.0,2016-03-31,1,eva@example.com,5678901234
1076,Frank,HR,Assistant,52000.0,2016-04-30,4,frank@example.com,6789012345
1077,Grace,Finance,Consultant,58000.0,2016-05-31,7,grace@example.com,7890123456
1078,Hannah,IT,Lead,75000.0,2016-06-30,9,hannah@example.com,8901234567
1079,Ivan,Marketing,Coordinator,49000.0,2016-07-31,2,ivan@example.com,9012345678
1080,Judy,Sales,Specialist,47000.0,2016-08-31,1,judy@example.com,0123456789
1081,Alice,HR,Manager,60000.0,2016-09-30,5,alice@example.com,1234567890
1082,Bob,Finance,Analyst,55000.0,2016-10-31,3,bob@example.com,2345678901
1083,Charlie,IT,Developer,70000.0,2016-11-30,8,charlie@example.com,3456789012
1084,David,Marketing,Executive,50000.0,2016-12-31,2,david@example.com,4567890123
1085,Eva,Sales,Representative,45000.0,2017-01-31,1,eva@example.com,5678901234
1086,Frank,HR,Assistant,52000.0,2017-02-28,4,frank@example.com,6789012345
1087,Grace,Finance,Consultant,58000.0,2017-03-31,7,grace@example.com,7890123456
1088,Hannah,IT,Lead,75000.0,2017-04-30,9,hannah@example.com,8901234567
1089,Ivan,Marketing,Coordinator,49000.0,2017-05-31,2,ivan@example.com,9012345678
1090,Judy,Sales,Specialist,47000.0,2017-06-30,1,judy@example.com,0123456789
1091,Alice,HR,Manager,60000.0,2017-07-31,5,alice@example.com,1234567890
1092,Bob,Finance,Analyst,55000.0,2017-08-31,3,bob@example.com,2345678901
1093,Charlie,IT,Developer,70000.0,2017-09-30,8,charlie@example.com,3456789012
1094,David,Marketing,Executive,50000.0,2017-10-31,2,david@example.com,4567890123
1095,Eva,Sales,Representative,45000.0,2017-11-30,1,eva@example.com,5678901234
1096,Frank,HR,Assistant,52000.0,2017-12-31,4,frank@example.com,6789012345
1097,Grace,Finance,Consultant,58000.0,2018-01-31,7,grace@example.com,7890123456
1098,Hannah,IT,Lead,75000.0,2018-02-28,9,hannah@example.com,8901234567
1099,Ivan,Marketing,Coordinator,49000.0,2018-03-31,2,ivan@example.com,9012345678
1100,Judy,Sales,Specialist,47000.0,2018-04-30,1,judy@example.com,0123456789
